input,feedback,Image Input URL,Image Output URL
cyberpunk living room,yes gopooood,http://res.cloudinary.com/dn3nt85k0/image/upload/v1713533152/ftxz21q1r8yt4kztjwu6.webp,
akashdey,2024-04-19 18:59:10,neoclassical living room,bad,http://res.cloudinary.com/dn3nt85k0/image/upload/v1713533354/jbkocmzuve7pgfw5heoz.webp,
akashdey,2024-04-19 19:21:39,Cyberpunk living room,Good,http://res.cloudinary.com/dn3nt85k0/image/upload/v1713534703/cdweuash4s29rf67fpzb.jpg,
akashdey,2024-04-19 19:50:02,"A modular bohemian kitchen with indoor plants, chimney, fridge, dishwasher",This is good,http://res.cloudinary.com/dn3nt85k0/image/upload/v1713536405/iunxjlaelojegbaf3rl8.jpg,
akashdey,2024-04-19 20:29:32,A bohemian Hindu puja room,Output room looks much bigger than input room,http://res.cloudinary.com/dn3nt85k0/image/upload/v1713538775/uynkj9p9sdw6mkmkgt19.jpg,
akashdey,2024-04-19 20:57:27,Cyberpunk bedroom,Decent,http://res.cloudinary.com/dn3nt85k0/image/upload/v1713540450/k0fwdcmdkwtnkka6weeg.jpg,
Smrithirai30,2024-04-19 22:44:14,Bohemian study room with small cute bookshelves ,Not able to understand small cute bookshelves and image looks animated,http://res.cloudinary.com/dn3nt85k0/image/upload/v1713546858/kyvjt1k4ypjhog4grflc.jpg,
Smrithirai30,2024-04-19 22:46:31,Japanese style dining room,Image looking more cartoonish,http://res.cloudinary.com/dn3nt85k0/image/upload/v1713546994/gz2xrnk10nktz2tsetjm.jpg,
Balaji,2024-04-20 10:39:30,Create a bedroom with  windows ,Gave prompt to create bedroom with windows and noticed that it finally was able to keep the windows ,http://res.cloudinary.com/dn3nt85k0/image/upload/v1713589771/jwuefvuzjrvojkwudccx.jpg,
akashdey,2024-04-20 17:05:57,"90s retro gaming themed bedroom, gaming consoles, game posters, table with computer  ",turned bed to table ,http://res.cloudinary.com/dn3nt85k0/image/upload/v1713612959/cfiumzn9ze8y8tyesbht.jpg,
rahul4right,2024-04-20 22:32:33,add,bro pls give Inpainting option here,http://res.cloudinary.com/dn3nt85k0/image/upload/v1713632554/y61qohmnuhufhuosygak.jpg,
akashdey,2024-04-26 03:24:30,"Bedroom, cyberpunk style, neon lighting",Really good,http://res.cloudinary.com/dn3nt85k0/image/upload/v1714082072/qii3oppxxrxqthfvmkck.jpg,
